{"cameraMode":{"drawMode":0,"name":"Shaded","section":"Shading Mode"},"sceneLighting":false,"audioPlay":false,"sceneViewState":{"m_AlwaysRefresh":false,"showFog":true,"showSkybox":false,"showFlares":true,"showImageEffects":true,"showParticleSystems":true,"showVisualEffectGraphs":true,"m_FxEnabled":true},"in2DMode":false,"pivot":{"x":-0.04960773512721062,"y":0.25529348850250246,"z":0.0018988847732543946},"rotation":{"x":-0.01655878685414791,"y":0.9829968810081482,"z":-0.13990096747875215,"w":-0.11985471844673157},"size":0.8049508929252625,"orthographic":false}