{"cameraMode":{"drawMode":0,"name":"Shaded","section":"Shading Mode"},"sceneLighting":false,"audioPlay":false,"sceneViewState":{"m_AlwaysRefresh":false,"showFog":true,"showSkybox":false,"showFlares":true,"showImageEffects":true,"showParticleSystems":true,"showVisualEffectGraphs":true,"m_FxEnabled":true},"in2DMode":false,"pivot":{"x":0.05210862308740616,"y":3.3387622833251955,"z":0.1937013864517212},"rotation":{"x":0.1279182732105255,"y":-0.05236131325364113,"z":0.006527614779770374,"w":0.9906119704246521},"size":4.507394790649414,"orthographic":false}